{"cameraMode":{"drawMode":0,"name":"Shaded","section":"Shading Mode"},"sceneLighting":true,"audioPlay":false,"sceneViewState":{"m_AlwaysRefresh":false,"showFog":true,"showSkybox":true,"showFlares":true,"showImageEffects":true,"showParticleSystems":true,"showVisualEffectGraphs":true,"m_FxEnabled":true},"in2DMode":false,"pivot":{"x":0.1553373634815216,"y":-0.029923677444458009,"z":-0.01703166961669922},"rotation":{"x":-0.0317528173327446,"y":0.9566582441329956,"z":-0.11419845372438431,"w":-0.2659985423088074},"size":1.6760038137435914,"orthographic":true}